[{"model": "admin.logentry", "pk": 1, "fields": {"action_time": "2025-03-13T19:07:20.249Z", "user": 6, "content_type": 8, "object_id": "7", "object_repr": "omartkenya@gmail.com", "action_flag": 2, "change_message": "[{\"changed\": {\"fields\": [\"Is staff\", \"Is verified\"]}}]"}}, {"model": "admin.logentry", "pk": 2, "fields": {"action_time": "2025-03-13T19:15:26.407Z", "user": 6, "content_type": 8, "object_id": "7", "object_repr": "omartkenya@gmail.com", "action_flag": 2, "change_message": "[]"}}, {"model": "admin.logentry", "pk": 3, "fields": {"action_time": "2025-03-13T19:18:17.820Z", "user": 6, "content_type": 8, "object_id": "6", "object_repr": "morachajacob@gmail.com", "action_flag": 2, "change_message": "[{\"changed\": {\"fields\": [\"Is verified\"]}}]"}}, {"model": "admin.logentry", "pk": 4, "fields": {"action_time": "2025-03-13T19:18:23.112Z", "user": 6, "content_type": 8, "object_id": "7", "object_repr": "omartkenya@gmail.com", "action_flag": 2, "change_message": "[{\"changed\": {\"fields\": [\"Is staff\"]}}]"}}, {"model": "sessions.session", "pk": "6vy4wymfz05salscioxff5khqmitutnt", "fields": {"session_data": ".eJxVjEEOwiAQRe_C2hCGsQVcuu8ZyDCAVA0kpV0Z765NutDtf-_9l_C0rcVvPS1-juIijDj9boH4keoO4p3qrUludV3mIHdFHrTLqcX0vB7u30GhXr41OWbU5jyyS5jJBHRMgAbQDtq6NGQdkSCzjURAZgQOShngATkyKPH-AO8ROCE:1tsotr:b32s4no2sfmCUMBTJbPoK_L8gouIp8P7U_Nyg5qttrY", "expire_date": "2025-03-27T20:11:27.989Z"}}, {"model": "sessions.session", "pk": "l9716asdz2wwu4ndjmatdylrrthfyz0m", "fields": {"session_data": ".eJxVjEEOwiAQRe_C2hCGsQVcuu8ZyDCAVA0kpV0Z765NutDtf-_9l_C0rcVvPS1-juIijDj9boH4keoO4p3qrUludV3mIHdFHrTLqcX0vB7u30GhXr41OWbU5jyyS5jJBHRMgAbQDtq6NGQdkSCzjURAZgQOShngATkyKPH-AO8ROCE:1tt4yv:FQsMAiHWOWp4jU379L3Bn9aS_mlyFXoNDJixKtPZ4ig", "expire_date": "2025-03-28T13:21:45.425Z"}}, {"model": "authtoken.token", "pk": "9c87dbc0484236239c0935c914cd2a746359d089", "fields": {"user": 1, "created": "2025-02-12T22:29:53.822Z"}}, {"model": "authtoken.token", "pk": "df05218a7abd007aff8d42262cfde786cc0a1b44", "fields": {"user": 4, "created": "2025-02-12T23:56:22.928Z"}}, {"model": "authentication.user", "pk": 1, "fields": {"password": "pbkdf2_sha256$870000$qTIPQ2wHb42m6bp53m5REh$pH7aWSXTFDcAg5oWvnUaS+HK5bjsr9KtDySgeuhpa2E=", "last_login": null, "is_superuser": false, "full_name": "jacob moracha", "email": "jacobmoracha@gmail.com", "phone_number": "0791648620", "role": "admin", "profile_picture": "", "address": "80100", "city": "mombasa", "country": "Kenya", "created_at": "2025-02-12T22:29:53.624Z", "updated_at": "2025-02-12T22:29:53.819Z", "is_active": true, "is_staff": false, "is_deleted": false, "is_verified": false, "is_approved": false, "certificates": null, "payment_details": null, "payment_methods": null, "groups": [], "user_permissions": []}}, {"model": "authentication.user", "pk": 2, "fields": {"password": "pbkdf2_sha256$870000$xagaujy5BgfT2RJc3F1QQA$9ukbbyLXMa01mHaOtuCs0py8ozAw2ghun7785HD361A=", "last_login": null, "is_superuser": false, "full_name": "jacob moracha", "email": "jacobmorach@gmail.com", "phone_number": "0791648621", "role": "buyer", "profile_picture": "", "address": "80100", "city": "mombasa", "country": "Kenya", "created_at": "2025-02-12T23:52:56.682Z", "updated_at": "2025-02-12T23:52:56.886Z", "is_active": true, "is_staff": false, "is_deleted": false, "is_verified": false, "is_approved": false, "certificates": null, "payment_details": null, "payment_methods": null, "groups": [], "user_permissions": []}}, {"model": "authentication.user", "pk": 3, "fields": {"password": "pbkdf2_sha256$870000$HwD7Xaq4YXVI54d2W0Oism$rGF3UhOtLyXdc47H3+I6xRHXXiFI3MdJMW9HeI4QPtI=", "last_login": null, "is_superuser": false, "full_name": "jacob morachas", "email": "jacobmorachas@gmail.com", "phone_number": "0791648622", "role": "farmer", "profile_picture": "", "address": "80100", "city": "mombasa", "country": "Kenya", "created_at": "2025-02-12T23:53:39.364Z", "updated_at": "2025-02-12T23:53:39.581Z", "is_active": true, "is_staff": false, "is_deleted": false, "is_verified": false, "is_approved": false, "certificates": null, "payment_details": null, "payment_methods": null, "groups": [], "user_permissions": []}}, {"model": "authentication.user", "pk": 4, "fields": {"password": "pbkdf2_sha256$870000$YtuKHc6WrBX4QO9wlGxQli$GXgBMWf2zMhWIH5kjSrAB6VMZPY7nXjAvgWkGx0ex/A=", "last_login": null, "is_superuser": false, "full_name": "jacob morachas", "email": "jacob@gmail.com", "phone_number": "0791648633", "role": "farmer", "profile_picture": "", "address": "80100", "city": "mombasa", "country": "Kenya", "created_at": "2025-02-12T23:56:22.730Z", "updated_at": "2025-02-12T23:56:22.925Z", "is_active": true, "is_staff": false, "is_deleted": false, "is_verified": false, "is_approved": false, "certificates": null, "payment_details": null, "payment_methods": null, "groups": [], "user_permissions": []}}, {"model": "authentication.user", "pk": 5, "fields": {"password": "pbkdf2_sha256$870000$V9vJEiHSIBuVWeam0ZUxJM$xJa81IPFx85WtNBLpxi6HDcAjoaApyj9tdQmy54/h7o=", "last_login": null, "is_superuser": false, "full_name": "jacob moracha", "email": "awspwaniug@gmail.com", "phone_number": "0791648720", "role": "buyer", "profile_picture": "", "address": "80100", "city": "mombasa", "country": "Kenya", "created_at": "2025-02-18T07:04:04.919Z", "updated_at": "2025-02-18T07:04:05.119Z", "is_active": true, "is_staff": false, "is_deleted": false, "is_verified": false, "is_approved": true, "certificates": null, "payment_details": null, "payment_methods": null, "groups": [], "user_permissions": []}}, {"model": "authentication.user", "pk": 6, "fields": {"password": "pbkdf2_sha256$870000$Jrv8N3QF2UyYlu8mxa5HJB$t5VuQ4afgsbUZyU/NzseV+Ig18APKS4Gko+j1LmPc7M=", "last_login": "2025-03-14T19:38:15.022Z", "is_superuser": true, "full_name": "Jacob Moracha", "email": "morachajacob@gmail.com", "phone_number": "0791648620_8961", "role": "admin", "profile_picture": "", "address": "", "city": null, "country": null, "created_at": "2025-03-13T03:05:24.745Z", "updated_at": "2025-03-13T19:18:17.819Z", "is_active": true, "is_staff": true, "is_deleted": false, "is_verified": true, "is_approved": true, "certificates": null, "payment_details": null, "payment_methods": null, "groups": [], "user_permissions": []}}, {"model": "authentication.user", "pk": 7, "fields": {"password": "pbkdf2_sha256$870000$ACacqfwrJbDAhzgEpRacVf$A3Yj7P8FXygdzmn06lgpQQxvm6wOrXRwIETZbRNVW1s=", "last_login": "2025-03-14T13:21:45.421Z", "is_superuser": false, "full_name": "Omart", "email": "omartkenya@gmail.com", "phone_number": "0712345678", "role": "cooperative", "profile_picture": "", "address": "", "city": null, "country": null, "created_at": "2025-03-13T18:55:28.841Z", "updated_at": "2025-03-13T19:18:23.110Z", "is_active": true, "is_staff": false, "is_deleted": false, "is_verified": true, "is_approved": false, "certificates": [{"name": "Screenshot 2025-03-13 at 07.28.32.png", "path": "certificates/omartkenya@gmail.com/Screenshot 2025-03-13 at 07.28.32.png", "uploaded_at": "2025-03-13 19:04:37.656740+00:00"}], "payment_details": null, "payment_methods": null, "groups": [], "user_permissions": []}}, {"model": "authentication.user", "pk": 8, "fields": {"password": "pbkdf2_sha256$870000$ZGnK9s0MAHTt6ttzbPYOjG$/sMvW6E7LtlHX4ddmZYnMFg0uCFsYWxnuvjm0nfI0wQ=", "last_login": null, "is_superuser": true, "full_name": "Moracha ke", "email": "morachaj@gmail.com", "phone_number": "0712345678_5974", "role": "admin", "profile_picture": null, "address": null, "city": null, "country": null, "created_at": "2025-03-14T19:03:19.662Z", "updated_at": "2025-03-14T19:03:19.852Z", "is_active": true, "is_staff": true, "is_deleted": false, "is_verified": false, "is_approved": true, "certificates": null, "payment_details": null, "payment_methods": null, "groups": [], "user_permissions": []}}, {"model": "authentication.user", "pk": 9, "fields": {"password": "pbkdf2_sha256$870000$SpsTwCgR46KDZwUGYwHbGK$alx+OtuscBcSuBfW6FAXP+T/HRNpOzEr4y6rLREvvWM=", "last_login": null, "is_superuser": true, "full_name": "Jacobs", "email": "jacobs@gmail.com", "phone_number": "0709876543", "role": "admin", "profile_picture": null, "address": null, "city": null, "country": null, "created_at": "2025-03-14T19:07:50.718Z", "updated_at": "2025-03-14T19:07:50.911Z", "is_active": true, "is_staff": true, "is_deleted": false, "is_verified": false, "is_approved": true, "certificates": null, "payment_details": null, "payment_methods": null, "groups": [], "user_permissions": []}}, {"model": "cooperative.producetype", "pk": 1, "fields": {"name": "Rice", "description": "High-quality rice grown in Rwanda", "category": "grains", "base_price": "1200.00", "image": "", "image_url": null}}, {"model": "cooperative.producetype", "pk": 2, "fields": {"name": "Potatoes", "description": "Fresh potatoes from local farms", "category": "vegetables", "base_price": "800.00", "image": "", "image_url": null}}, {"model": "cooperative.producetype", "pk": 3, "fields": {"name": "Tomatoes", "description": "Ripe and juicy tomatoes", "category": "vegetables", "base_price": "1000.00", "image": "", "image_url": null}}, {"model": "cooperative.producetype", "pk": 4, "fields": {"name": "Bananas", "description": "Sweet and nutritious bananas", "category": "fruits", "base_price": "1500.00", "image": "", "image_url": null}}, {"model": "cooperative.producetype", "pk": 5, "fields": {"name": "Coffee Beans", "description": "Premium Rwandan coffee beans", "category": "other", "base_price": "3000.00", "image": "", "image_url": null}}, {"model": "cooperative.producetype", "pk": 6, "fields": {"name": "Almond", "description": "Premium quality almonds grown in Rwanda", "category": "nuts", "base_price": "2000.00", "image": "", "image_url": "https://images.unsplash.com/photo-1508061253366-f7da158b6d46?w=800"}}, {"model": "cooperative.producevariant", "pk": 1, "fields": {"produce_type": 1, "grade": "A", "price_multiplier": "1.20"}}, {"model": "cooperative.producevariant", "pk": 2, "fields": {"produce_type": 1, "grade": "B", "price_multiplier": "1.00"}}, {"model": "cooperative.producevariant", "pk": 3, "fields": {"produce_type": 1, "grade": "C", "price_multiplier": "0.80"}}, {"model": "cooperative.producevariant", "pk": 4, "fields": {"produce_type": 2, "grade": "A", "price_multiplier": "1.20"}}, {"model": "cooperative.producevariant", "pk": 5, "fields": {"produce_type": 2, "grade": "B", "price_multiplier": "1.00"}}, {"model": "cooperative.producevariant", "pk": 6, "fields": {"produce_type": 2, "grade": "C", "price_multiplier": "0.80"}}, {"model": "cooperative.producevariant", "pk": 7, "fields": {"produce_type": 3, "grade": "A", "price_multiplier": "1.20"}}, {"model": "cooperative.producevariant", "pk": 8, "fields": {"produce_type": 3, "grade": "B", "price_multiplier": "1.00"}}, {"model": "cooperative.producevariant", "pk": 9, "fields": {"produce_type": 3, "grade": "C", "price_multiplier": "0.80"}}, {"model": "cooperative.producevariant", "pk": 10, "fields": {"produce_type": 4, "grade": "A", "price_multiplier": "1.20"}}, {"model": "cooperative.producevariant", "pk": 11, "fields": {"produce_type": 4, "grade": "B", "price_multiplier": "1.00"}}, {"model": "cooperative.producevariant", "pk": 12, "fields": {"produce_type": 4, "grade": "C", "price_multiplier": "0.80"}}, {"model": "cooperative.producevariant", "pk": 13, "fields": {"produce_type": 5, "grade": "A", "price_multiplier": "1.20"}}, {"model": "cooperative.producevariant", "pk": 14, "fields": {"produce_type": 5, "grade": "B", "price_multiplier": "1.00"}}, {"model": "cooperative.producevariant", "pk": 15, "fields": {"produce_type": 5, "grade": "C", "price_multiplier": "0.80"}}, {"model": "cooperative.producevariant", "pk": 16, "fields": {"produce_type": 6, "grade": "A", "price_multiplier": "1.20"}}, {"model": "cooperative.producevariant", "pk": 17, "fields": {"produce_type": 6, "grade": "B", "price_multiplier": "1.00"}}, {"model": "cooperative.producevariant", "pk": 18, "fields": {"produce_type": 6, "grade": "C", "price_multiplier": "0.80"}}, {"model": "cooperative.cooperativeproduce", "pk": 3, "fields": {"cooperative": 7, "produce_type": 5, "variant": 14, "quantity": "1000.00", "province": "North", "created_at": "2025-03-14T08:35:28.405Z", "updated_at": "2025-03-14T08:35:28.405Z"}}, {"model": "cooperative.cooperativeproduce", "pk": 4, "fields": {"cooperative": 7, "produce_type": 4, "variant": 11, "quantity": "100.00", "province": "coast", "created_at": "2025-03-14T08:51:22.535Z", "updated_at": "2025-03-14T08:51:22.535Z"}}, {"model": "cooperative.cooperativeproduce", "pk": 5, "fields": {"cooperative": 7, "produce_type": 1, "variant": 2, "quantity": "20000.00", "province": "coast", "created_at": "2025-03-14T09:32:22.781Z", "updated_at": "2025-03-14T09:32:22.781Z"}}, {"model": "cooperative.cooperativeproduce", "pk": 6, "fields": {"cooperative": 7, "produce_type": 2, "variant": 5, "quantity": "1000.00", "province": "coast", "created_at": "2025-03-14T12:57:00.476Z", "updated_at": "2025-03-14T12:57:00.476Z"}}, {"model": "cooperative.cooperativeproduce", "pk": 7, "fields": {"cooperative": 7, "produce_type": 3, "variant": 8, "quantity": "10000.00", "province": "coast", "created_at": "2025-03-14T12:57:21.225Z", "updated_at": "2025-03-14T12:57:21.225Z"}}, {"model": "cooperative.cooperativeproduce", "pk": 8, "fields": {"cooperative": 7, "produce_type": 3, "variant": 8, "quantity": "1000.00", "province": "Western", "created_at": "2025-03-14T14:23:41.194Z", "updated_at": "2025-03-14T14:23:41.194Z"}}, {"model": "cooperative.cooperativeproduce", "pk": 9, "fields": {"cooperative": 7, "produce_type": 1, "variant": 1, "quantity": "1000.00", "province": "Northern", "created_at": "2025-03-14T14:24:00.061Z", "updated_at": "2025-03-14T14:24:00.061Z"}}, {"model": "cooperative.cooperativeproduce", "pk": 10, "fields": {"cooperative": 7, "produce_type": 3, "variant": 8, "quantity": "1000.00", "province": "Southern", "created_at": "2025-03-14T14:24:15.432Z", "updated_at": "2025-03-14T14:24:15.432Z"}}, {"model": "cooperative.cooperativeproduce", "pk": 11, "fields": {"cooperative": 7, "produce_type": 4, "variant": 11, "quantity": "1000.00", "province": "Northern", "created_at": "2025-03-14T14:59:47.862Z", "updated_at": "2025-03-14T14:59:47.862Z"}}, {"model": "cooperative.customer", "pk": 1, "fields": {"full_name": "John Doe", "email": "john.doe@example.com", "phone_number": "+250781234567", "role": "individual", "address": "Kigali, Rwanda", "created_at": "2025-03-14T15:09:02.580Z"}}, {"model": "cooperative.customer", "pk": 2, "fields": {"full_name": "Jane Smith", "email": "jane.smith@example.com", "phone_number": "+250782345678", "role": "individual", "address": "Butare, Rwanda", "created_at": "2025-03-14T15:09:02.581Z"}}, {"model": "cooperative.customer", "pk": 3, "fields": {"full_name": "Simba Supermarket", "email": "orders@simbasupermarket.com", "phone_number": "+250783456789", "role": "business", "address": "Kigali, Rwanda", "created_at": "2025-03-14T15:09:02.581Z"}}, {"model": "cooperative.customer", "pk": 4, "fields": {"full_name": "Ministry of Agriculture", "email": "agriculture@gov.rw", "phone_number": "+250784567890", "role": "government", "address": "Kigali, Rwanda", "created_at": "2025-03-14T15:09:02.582Z"}}, {"model": "cooperative.customer", "pk": 5, "fields": {"full_name": "Food Aid International", "email": "procurement@foodaid.org", "phone_number": "+250785678901", "role": "ngo", "address": "Gisenyi, Rwanda", "created_at": "2025-03-14T15:09:02.582Z"}}, {"model": "cooperative.order", "pk": 1, "fields": {"cooperative": 7, "customer": 4, "order_number": "ORD-000001", "status": "delivered", "total_price": "1497.60", "shipping_address": "Ministry of Agriculture, Ruhengeri", "payment_method": "Mobile Money", "notes": "Please deliver in the morning", "created_at": "2025-02-15T15:11:40.798Z", "updated_at": "2025-03-14T15:12:40.462Z"}}, {"model": "cooperative.order", "pk": 2, "fields": {"cooperative": 7, "customer": 4, "order_number": "ORD-000002", "status": "cancelled", "total_price": "13010.40", "shipping_address": "Ministry of Agriculture, Cyangugu", "payment_method": "Mobile Money", "notes": "Please deliver in the morning", "created_at": "2025-03-06T15:11:40.802Z", "updated_at": "2025-03-14T15:11:40.802Z"}}, {"model": "cooperative.order", "pk": 3, "fields": {"cooperative": 7, "customer": 4, "order_number": "ORD-000003", "status": "delivered", "total_price": "8028.00", "shipping_address": "Ministry of Agriculture, Ruhengeri", "payment_method": "Mobile Money", "notes": "Please deliver in the morning", "created_at": "2025-03-07T15:11:40.805Z", "updated_at": "2025-03-14T15:11:40.804Z"}}, {"model": "cooperative.order", "pk": 4, "fields": {"cooperative": 7, "customer": 3, "order_number": "ORD-000004", "status": "delivered", "total_price": "7750.40", "shipping_address": "Simba Supermarket, Kigali", "payment_method": "Cash on Delivery", "notes": "Call before delivery", "created_at": "2025-03-01T15:11:40.809Z", "updated_at": "2025-03-14T15:11:40.809Z"}}, {"model": "cooperative.order", "pk": 5, "fields": {"cooperative": 7, "customer": 3, "order_number": "ORD-000005", "status": "cancelled", "total_price": "22526.40", "shipping_address": "Simba Supermarket, Cyangugu", "payment_method": "Mobile Money", "notes": "Call before delivery", "created_at": "2025-02-28T15:11:40.813Z", "updated_at": "2025-03-14T15:11:40.813Z"}}, {"model": "cooperative.order", "pk": 6, "fields": {"cooperative": 7, "customer": 1, "order_number": "ORD-000006", "status": "delivery", "total_price": "9982.00", "shipping_address": "John Doe, Kigali", "payment_method": "Bank Transfer", "notes": "Please deliver in the morning", "created_at": "2025-02-12T15:11:40.819Z", "updated_at": "2025-03-14T15:43:39.901Z"}}, {"model": "cooperative.order", "pk": 7, "fields": {"cooperative": 7, "customer": 1, "order_number": "ORD-000007", "status": "processing", "total_price": "12304.00", "shipping_address": "John Doe, Cyangugu", "payment_method": "Mobile Money", "notes": "Please deliver in the morning", "created_at": "2025-02-17T15:11:40.823Z", "updated_at": "2025-03-14T15:12:50.438Z"}}, {"model": "cooperative.order", "pk": 8, "fields": {"cooperative": 7, "customer": 1, "order_number": "ORD-000008", "status": "new", "total_price": "624.00", "shipping_address": "John Doe, Ruhengeri", "payment_method": "Bank Transfer", "notes": "", "created_at": "2025-03-01T15:11:40.825Z", "updated_at": "2025-03-14T15:11:40.825Z"}}, {"model": "cooperative.order", "pk": 9, "fields": {"cooperative": 7, "customer": 1, "order_number": "ORD-000009", "status": "delivery", "total_price": "16219.20", "shipping_address": "John Doe, Kigali", "payment_method": "Mobile Money", "notes": "Please deliver in the morning", "created_at": "2025-03-07T15:11:40.829Z", "updated_at": "2025-03-14T15:11:40.829Z"}}, {"model": "cooperative.order", "pk": 10, "fields": {"cooperative": 7, "customer": 2, "order_number": "ORD-000010", "status": "processing", "total_price": "8404.80", "shipping_address": "Jane Smith, Butare", "payment_method": "Cash on Delivery", "notes": "Call before delivery", "created_at": "2025-02-22T15:11:40.833Z", "updated_at": "2025-03-14T15:11:40.833Z"}}, {"model": "cooperative.orderitem", "pk": 1, "fields": {"order": 1, "produce_type": 2, "variant": 4, "quantity": "1.56", "unit_price": "960.00", "subtotal": "1497.60"}}, {"model": "cooperative.orderitem", "pk": 2, "fields": {"order": 2, "produce_type": 6, "variant": 16, "quantity": "3.58", "unit_price": "2400.00", "subtotal": "8592.00"}}, {"model": "cooperative.orderitem", "pk": 3, "fields": {"order": 2, "produce_type": 2, "variant": 4, "quantity": "2.04", "unit_price": "960.00", "subtotal": "1958.40"}}, {"model": "cooperative.orderitem", "pk": 4, "fields": {"order": 2, "produce_type": 4, "variant": 11, "quantity": "1.64", "unit_price": "1500.00", "subtotal": "2460.00"}}, {"model": "cooperative.orderitem", "pk": 5, "fields": {"order": 3, "produce_type": 5, "variant": 13, "quantity": "2.23", "unit_price": "3600.00", "subtotal": "8028.00"}}, {"model": "cooperative.orderitem", "pk": 6, "fields": {"order": 4, "produce_type": 3, "variant": 7, "quantity": "4.24", "unit_price": "1200.00", "subtotal": "5088.00"}}, {"model": "cooperative.orderitem", "pk": 7, "fields": {"order": 4, "produce_type": 2, "variant": 6, "quantity": "2.51", "unit_price": "640.00", "subtotal": "1606.40"}}, {"model": "cooperative.orderitem", "pk": 8, "fields": {"order": 4, "produce_type": 2, "variant": 4, "quantity": "1.10", "unit_price": "960.00", "subtotal": "1056.00"}}, {"model": "cooperative.orderitem", "pk": 9, "fields": {"order": 5, "produce_type": 5, "variant": 13, "quantity": "3.16", "unit_price": "3600.00", "subtotal": "11376.00"}}, {"model": "cooperative.orderitem", "pk": 10, "fields": {"order": 5, "produce_type": 1, "variant": 3, "quantity": "1.24", "unit_price": "960.00", "subtotal": "1190.40"}}, {"model": "cooperative.orderitem", "pk": 11, "fields": {"order": 5, "produce_type": 5, "variant": 15, "quantity": "4.15", "unit_price": "2400.00", "subtotal": "9960.00"}}, {"model": "cooperative.orderitem", "pk": 12, "fields": {"order": 6, "produce_type": 4, "variant": 10, "quantity": "2.31", "unit_price": "1800.00", "subtotal": "4158.00"}}, {"model": "cooperative.orderitem", "pk": 13, "fields": {"order": 6, "produce_type": 6, "variant": 18, "quantity": "3.30", "unit_price": "1600.00", "subtotal": "5280.00"}}, {"model": "cooperative.orderitem", "pk": 14, "fields": {"order": 6, "produce_type": 2, "variant": 5, "quantity": "0.68", "unit_price": "800.00", "subtotal": "544.00"}}, {"model": "cooperative.orderitem", "pk": 15, "fields": {"order": 7, "produce_type": 6, "variant": 18, "quantity": "1.39", "unit_price": "1600.00", "subtotal": "2224.00"}}, {"model": "cooperative.orderitem", "pk": 16, "fields": {"order": 7, "produce_type": 6, "variant": 17, "quantity": "4.68", "unit_price": "2000.00", "subtotal": "9360.00"}}, {"model": "cooperative.orderitem", "pk": 17, "fields": {"order": 7, "produce_type": 2, "variant": 4, "quantity": "0.75", "unit_price": "960.00", "subtotal": "720.00"}}, {"model": "cooperative.orderitem", "pk": 18, "fields": {"order": 8, "produce_type": 4, "variant": 12, "quantity": "0.52", "unit_price": "1200.00", "subtotal": "624.00"}}, {"model": "cooperative.orderitem", "pk": 19, "fields": {"order": 9, "produce_type": 6, "variant": 16, "quantity": "4.27", "unit_price": "2400.00", "subtotal": "10248.00"}}, {"model": "cooperative.orderitem", "pk": 20, "fields": {"order": 9, "produce_type": 2, "variant": 4, "quantity": "3.85", "unit_price": "960.00", "subtotal": "3696.00"}}, {"model": "cooperative.orderitem", "pk": 21, "fields": {"order": 9, "produce_type": 2, "variant": 4, "quantity": "2.37", "unit_price": "960.00", "subtotal": "2275.20"}}, {"model": "cooperative.orderitem", "pk": 22, "fields": {"order": 10, "produce_type": 5, "variant": 15, "quantity": "1.97", "unit_price": "2400.00", "subtotal": "4728.00"}}, {"model": "cooperative.orderitem", "pk": 23, "fields": {"order": 10, "produce_type": 2, "variant": 4, "quantity": "3.83", "unit_price": "960.00", "subtotal": "3676.80"}}, {"model": "cooperative.orderreview", "pk": 1, "fields": {"order": 3, "rating": 3, "comment": "Delivery was on time and the produce was fresh.", "created_at": "2025-03-14T15:11:40.804Z"}}, {"model": "cooperative.orderreview", "pk": 2, "fields": {"order": 4, "rating": 3, "comment": "Will order again.", "created_at": "2025-03-14T15:11:40.809Z"}}, {"model": "cooperative.transaction", "pk": 1, "fields": {"cooperative": 7, "transaction_type": "sent", "amount": "82272.00", "payment_method": "credit_card", "status": "success", "party_name": "Staff Payroll", "description": "", "reference_number": "REF-23723", "order": null, "created_at": "2025-02-06T15:09:02.824Z"}}, {"model": "cooperative.transaction", "pk": 2, "fields": {"cooperative": 7, "transaction_type": "sent", "amount": "62528.00", "payment_method": "mobile_money", "status": "success", "party_name": "Farmer Support Program", "description": "Payment for supplies", "reference_number": "REF-69864", "order": null, "created_at": "2025-01-30T15:09:02.825Z"}}, {"model": "cooperative.transaction", "pk": 3, "fields": {"cooperative": 7, "transaction_type": "received", "amount": "459177.00", "payment_method": "wire_transfer", "status": "pending", "party_name": "Ministry of Agriculture", "description": "", "reference_number": "REF-79131", "order": null, "created_at": "2025-02-10T15:09:02.827Z"}}, {"model": "cooperative.transaction", "pk": 4, "fields": {"cooperative": 7, "transaction_type": "received", "amount": "822181.00", "payment_method": "wire_transfer", "status": "pending", "party_name": "Kigali Grocers", "description": "", "reference_number": "REF-78325", "order": null, "created_at": "2025-02-23T15:09:02.828Z"}}, {"model": "cooperative.transaction", "pk": 5, "fields": {"cooperative": 7, "transaction_type": "sent", "amount": "107941.00", "payment_method": "credit_card", "status": "success", "party_name": "Farmer Support Program", "description": "Scheduled payment", "reference_number": "REF-50984", "order": null, "created_at": "2025-01-31T15:09:02.829Z"}}, {"model": "cooperative.transaction", "pk": 6, "fields": {"cooperative": 7, "transaction_type": "received", "amount": "268980.00", "payment_method": "credit_card", "status": "success", "party_name": "Ministry of Agriculture", "description": "Scheduled payment", "reference_number": "REF-15657", "order": null, "created_at": "2025-02-03T15:09:02.830Z"}}, {"model": "cooperative.transaction", "pk": 7, "fields": {"cooperative": 7, "transaction_type": "sent", "amount": "137847.00", "payment_method": "mobile_money", "status": "success", "party_name": "Staff Payroll", "description": "Invoice settlement", "reference_number": "REF-74120", "order": null, "created_at": "2025-02-10T15:09:02.830Z"}}, {"model": "cooperative.transaction", "pk": 8, "fields": {"cooperative": 7, "transaction_type": "sent", "amount": "23887.00", "payment_method": "wire_transfer", "status": "success", "party_name": "Utility Bills", "description": "Payment for supplies", "reference_number": "REF-63647", "order": null, "created_at": "2025-02-11T15:09:02.832Z"}}, {"model": "cooperative.transaction", "pk": 9, "fields": {"cooperative": 7, "transaction_type": "received", "amount": "104876.00", "payment_method": "cash", "status": "success", "party_name": "Kigali Grocers", "description": "Payment for produce", "reference_number": "REF-18486", "order": null, "created_at": "2025-01-19T15:09:02.833Z"}}, {"model": "cooperative.transaction", "pk": 10, "fields": {"cooperative": 7, "transaction_type": "received", "amount": "880445.00", "payment_method": "credit_card", "status": "success", "party_name": "Local Market Cooperative", "description": "Payment for services", "reference_number": "REF-53897", "order": null, "created_at": "2025-01-07T15:09:02.835Z"}}, {"model": "cooperative.transaction", "pk": 11, "fields": {"cooperative": 7, "transaction_type": "sent", "amount": "15637.00", "payment_method": "cash", "status": "success", "party_name": "Agricultural Supplies Ltd", "description": "", "reference_number": "REF-44647", "order": null, "created_at": "2024-12-19T15:09:02.837Z"}}, {"model": "cooperative.transaction", "pk": 12, "fields": {"cooperative": 7, "transaction_type": "received", "amount": "897149.00", "payment_method": "cash", "status": "success", "party_name": "Kigali Grocers", "description": "Payment for produce", "reference_number": "REF-49297", "order": null, "created_at": "2025-01-13T15:09:02.839Z"}}, {"model": "cooperative.transaction", "pk": 13, "fields": {"cooperative": 7, "transaction_type": "received", "amount": "96168.00", "payment_method": "mobile_money", "status": "success", "party_name": "Kigali Grocers", "description": "Scheduled payment", "reference_number": "REF-22127", "order": null, "created_at": "2025-02-26T15:09:02.839Z"}}, {"model": "cooperative.transaction", "pk": 14, "fields": {"cooperative": 7, "transaction_type": "sent", "amount": "68554.00", "payment_method": "credit_card", "status": "success", "party_name": "Utility Bills", "description": "Scheduled payment", "reference_number": "REF-10427", "order": null, "created_at": "2025-02-11T15:09:02.840Z"}}, {"model": "cooperative.transaction", "pk": 15, "fields": {"cooperative": 7, "transaction_type": "sent", "amount": "82312.00", "payment_method": "mobile_money", "status": "success", "party_name": "Transport Services", "description": "Scheduled payment", "reference_number": "REF-71280", "order": null, "created_at": "2025-03-06T15:09:02.841Z"}}, {"model": "cooperative.transaction", "pk": 16, "fields": {"cooperative": 7, "transaction_type": "sent", "amount": "38017.00", "payment_method": "mobile_money", "status": "pending", "party_name": "Agricultural Supplies Ltd", "description": "Scheduled payment", "reference_number": "REF-20207", "order": null, "created_at": "2025-03-06T15:09:02.842Z"}}, {"model": "cooperative.transaction", "pk": 17, "fields": {"cooperative": 7, "transaction_type": "received", "amount": "872631.00", "payment_method": "mobile_money", "status": "success", "party_name": "Kigali Grocers", "description": "", "reference_number": "REF-53048", "order": null, "created_at": "2025-02-16T15:09:02.843Z"}}, {"model": "cooperative.transaction", "pk": 18, "fields": {"cooperative": 7, "transaction_type": "received", "amount": "924357.00", "payment_method": "wire_transfer", "status": "success", "party_name": "Ministry of Agriculture", "description": "Invoice settlement", "reference_number": "REF-10405", "order": null, "created_at": "2025-02-27T15:09:02.844Z"}}, {"model": "cooperative.transaction", "pk": 19, "fields": {"cooperative": 7, "transaction_type": "sent", "amount": "107840.00", "payment_method": "cash", "status": "pending", "party_name": "Farmer Support Program", "description": "Monthly transaction", "reference_number": "REF-53238", "order": null, "created_at": "2025-01-22T15:09:02.844Z"}}, {"model": "cooperative.transaction", "pk": 20, "fields": {"cooperative": 7, "transaction_type": "sent", "amount": "57415.00", "payment_method": "credit_card", "status": "success", "party_name": "Farmer Support Program", "description": "Payment for services", "reference_number": "REF-43060", "order": null, "created_at": "2025-03-12T15:09:02.845Z"}}, {"model": "cooperative.transaction", "pk": 21, "fields": {"cooperative": 7, "transaction_type": "received", "amount": "769980.00", "payment_method": "cash", "status": "pending", "party_name": "Local Market Cooperative", "description": "Invoice settlement", "reference_number": "REF-12616", "order": null, "created_at": "2025-01-27T15:11:41.067Z"}}, {"model": "cooperative.transaction", "pk": 22, "fields": {"cooperative": 7, "transaction_type": "received", "amount": "293388.00", "payment_method": "mobile_money", "status": "pending", "party_name": "Food Aid International", "description": "Monthly transaction", "reference_number": "REF-60013", "order": null, "created_at": "2025-03-10T15:11:41.068Z"}}, {"model": "cooperative.transaction", "pk": 23, "fields": {"cooperative": 7, "transaction_type": "received", "amount": "552769.00", "payment_method": "mobile_money", "status": "pending", "party_name": "Ministry of Agriculture", "description": "Invoice settlement", "reference_number": "REF-75224", "order": 4, "created_at": "2024-12-26T15:11:41.069Z"}}, {"model": "cooperative.transaction", "pk": 24, "fields": {"cooperative": 7, "transaction_type": "sent", "amount": "137185.00", "payment_method": "wire_transfer", "status": "success", "party_name": "Utility Bills", "description": "Invoice settlement", "reference_number": "REF-80387", "order": null, "created_at": "2025-02-07T15:11:41.069Z"}}, {"model": "cooperative.transaction", "pk": 25, "fields": {"cooperative": 7, "transaction_type": "received", "amount": "62034.00", "payment_method": "credit_card", "status": "success", "party_name": "Local Market Cooperative", "description": "Scheduled payment", "reference_number": "REF-50598", "order": null, "created_at": "2025-03-14T15:11:41.070Z"}}, {"model": "cooperative.transaction", "pk": 26, "fields": {"cooperative": 7, "transaction_type": "received", "amount": "880001.00", "payment_method": "mobile_money", "status": "success", "party_name": "Food Distributors Ltd", "description": "Monthly transaction", "reference_number": "REF-53757", "order": 7, "created_at": "2025-03-05T15:11:41.071Z"}}, {"model": "cooperative.transaction", "pk": 27, "fields": {"cooperative": 7, "transaction_type": "received", "amount": "369931.00", "payment_method": "mobile_money", "status": "success", "party_name": "Local Market Cooperative", "description": "", "reference_number": "REF-35561", "order": null, "created_at": "2025-03-04T15:11:41.072Z"}}, {"model": "cooperative.transaction", "pk": 28, "fields": {"cooperative": 7, "transaction_type": "received", "amount": "458505.00", "payment_method": "wire_transfer", "status": "success", "party_name": "Kigali Grocers", "description": "Payment for produce", "reference_number": "REF-84491", "order": null, "created_at": "2025-02-19T15:11:41.073Z"}}, {"model": "cooperative.transaction", "pk": 29, "fields": {"cooperative": 7, "transaction_type": "sent", "amount": "62178.00", "payment_method": "mobile_money", "status": "success", "party_name": "Utility Bills", "description": "Scheduled payment", "reference_number": "REF-16934", "order": null, "created_at": "2025-01-03T15:11:41.073Z"}}, {"model": "cooperative.transaction", "pk": 30, "fields": {"cooperative": 7, "transaction_type": "received", "amount": "367910.00", "payment_method": "wire_transfer", "status": "success", "party_name": "Local Market Cooperative", "description": "Monthly transaction", "reference_number": "REF-85911", "order": null, "created_at": "2025-02-07T15:11:41.075Z"}}, {"model": "cooperative.transaction", "pk": 31, "fields": {"cooperative": 7, "transaction_type": "received", "amount": "226088.00", "payment_method": "wire_transfer", "status": "success", "party_name": "Food Aid International", "description": "Monthly transaction", "reference_number": "REF-40836", "order": null, "created_at": "2025-02-02T15:11:41.076Z"}}, {"model": "cooperative.transaction", "pk": 32, "fields": {"cooperative": 7, "transaction_type": "received", "amount": "356719.00", "payment_method": "credit_card", "status": "success", "party_name": "Food Distributors Ltd", "description": "", "reference_number": "REF-35395", "order": 4, "created_at": "2024-12-26T15:11:41.077Z"}}, {"model": "cooperative.transaction", "pk": 33, "fields": {"cooperative": 7, "transaction_type": "received", "amount": "256237.00", "payment_method": "wire_transfer", "status": "success", "party_name": "Food Aid International", "description": "Scheduled payment", "reference_number": "REF-65670", "order": 3, "created_at": "2025-03-12T15:11:41.078Z"}}, {"model": "cooperative.transaction", "pk": 34, "fields": {"cooperative": 7, "transaction_type": "sent", "amount": "86327.00", "payment_method": "credit_card", "status": "pending", "party_name": "Farmer Support Program", "description": "", "reference_number": "REF-27048", "order": null, "created_at": "2025-01-14T15:11:41.079Z"}}, {"model": "cooperative.transaction", "pk": 35, "fields": {"cooperative": 7, "transaction_type": "received", "amount": "848426.00", "payment_method": "wire_transfer", "status": "success", "party_name": "Ministry of Agriculture", "description": "Payment for produce", "reference_number": "REF-70032", "order": null, "created_at": "2024-12-26T15:11:41.079Z"}}, {"model": "cooperative.transaction", "pk": 36, "fields": {"cooperative": 7, "transaction_type": "received", "amount": "856128.00", "payment_method": "cash", "status": "success", "party_name": "Simba Supermarket", "description": "Monthly transaction", "reference_number": "REF-61034", "order": null, "created_at": "2025-02-12T15:11:41.080Z"}}, {"model": "cooperative.transaction", "pk": 37, "fields": {"cooperative": 7, "transaction_type": "received", "amount": "952644.00", "payment_method": "cash", "status": "success", "party_name": "Food Distributors Ltd", "description": "Payment for services", "reference_number": "REF-43267", "order": null, "created_at": "2025-03-01T15:11:41.081Z"}}, {"model": "cooperative.transaction", "pk": 38, "fields": {"cooperative": 7, "transaction_type": "sent", "amount": "15252.00", "payment_method": "mobile_money", "status": "success", "party_name": "Staff Payroll", "description": "Monthly transaction", "reference_number": "REF-99673", "order": null, "created_at": "2024-12-22T15:11:41.082Z"}}, {"model": "cooperative.transaction", "pk": 39, "fields": {"cooperative": 7, "transaction_type": "sent", "amount": "189621.00", "payment_method": "wire_transfer", "status": "success", "party_name": "Transport Services", "description": "Monthly transaction", "reference_number": "REF-81529", "order": null, "created_at": "2024-12-19T15:11:41.082Z"}}, {"model": "cooperative.transaction", "pk": 40, "fields": {"cooperative": 7, "transaction_type": "received", "amount": "898646.00", "payment_method": "wire_transfer", "status": "success", "party_name": "Kigali Grocers", "description": "", "reference_number": "REF-31184", "order": 10, "created_at": "2025-01-07T15:11:41.083Z"}}, {"model": "cooperative.bankaccount", "pk": 1, "fields": {"cooperative": 7, "bank_name": "Bank of Rwanda", "account_number": "RW65967217", "account_holder_name": "Omart", "is_primary": true, "created_at": "2025-03-14T15:09:02.823Z"}}, {"model": "cooperative.bankaccount", "pk": 2, "fields": {"cooperative": 7, "bank_name": "IMI BANK", "account_number": "IM61040572", "account_holder_name": "Omart", "is_primary": false, "created_at": "2025-03-14T15:09:02.823Z"}}]